Handle,Title,Body (HTML),Vendor,Product Category,Type,Tags,Published,Option1 Name,Option1 Value,Option2 Name,Option2 Value,Option3 Name,Option3 Value,Variant SKU,Variant Grams,Variant Inventory Tracker,Variant Inventory Qty,Variant Inventory Policy,Variant Fulfillment Service,Variant Price,Variant Compare At Price,Variant Requires Shipping,Variant Taxable,Variant Barcode,Image Src,Image Position,Image Alt Text,Gift Card,SEO Title,SEO Description,Google Shopping / Google Product Category,Google Shopping / Gender,Google Shopping / Age Group,Google Shopping / MPN,Google Shopping / Condition,Google Shopping / Custom Product,Variant Image,Variant Weight Unit,Variant Tax Code,Cost per item,Included / United States,Price / United States,Compare At Price / United States,Included / International,Price / International,Compare At Price / International,Status
wallie-wall-drawer,Wallie wall drawer,"<style>
  .content-wrapper {
    max-height: 100px;
    overflow: hidden;
    position: relative;
    transition: max-height 0.3s ease-out;
  }
  
  .content-wrapper.expanded {
    max-height: 500px;
  }

  .read-more-button {
    display: block;
    margin-top: 15px;
    cursor: pointer;
    color: #736357;
  }
  
  .collapsible {
    background-color: #FBF9F7;
    color: #736357;
    cursor: pointer;
    padding: 20px 0px;
    width: 100%;
    border: none;
    text-align: left;
    font-size: 15px;
  }

  .collapsible:after {
    content: '\002B';
    color: #736357;
    font-weight: bold;
    float: right;
    margin-left: 5px;
  }

  .active:after {
    content: ""\2212"";
  }
  
  .content {
    padding: 0px 10px;
    max-height: 0;
    overflow: hidden;
    transition: max-height 0.2s ease-out;
    background-color: #FBF9F7;
  }

</style>
<div id=""myContent"" class=""content-wrapper"">
  <!-- This is the Product Description -->
  <p>Wallie beautifully combines bent walnut with solid metal creating an elegant wall-mounted drawer. With its circular, soft shapes Wallie is a visually strong design that easily can act like a centrepiece or be combined with other designs. The bracket embraces the magnetic wood drawer making the design both minimalistic and functional. Wallie is perfect for storing small everyday essentials in the hallway or as a bedside table in the bedroom.</p>
</div>
<span class=""read-more-button"" onclick=""toggleReadMore()"">+ More</span>
<br><br>
<!-- These are the dropdown tabs of information -->
<button class=""collapsible"">Details</button>
<div class=""content"">
  <!-- These are where the variant details go -->
  <h5>Designs Available</h5>
  <p>Wallie beautifully combines bent oak with solid black metal creating an elegant wall-mounted drawer. The bracket embraces the magnetic wood drawer making the design both minimalistic and functional. Wallie is perfect for storing small everyday essentials in the hallway or as a bedside table in the bedroom.</p>
  <br>
  <h5>Fabric Colour</h5>
  <p>Walnut</p>
  <br>
  <h5>Product Dimensions</h5>
  <p>Height: 10cm</p>
  <p>Width: 22.5cm</p>
  <p>Depth: 30cm</p>
  <p>Weight: 3kg</p>
  <br>
</div>
<!-- This is for the certifications and warranties (not all products have both) if not, just removed-->
<button class=""collapsible"">Certifications</button>
<div class=""content""> 
  <h5>Certifications</h5>
  <p>TSCA Title VI</p>
  <p>CARB II</p>
  <p>Prop 65</p>
  <br> 
</div>
<br>
<br>
<!-- This is for the files (not all products have) if not, just removed-->
<button class=""collapsible"">Files</button>
<div class=""content"">
  <a href=""https://presscloud.com/file/91/915725680692736/WOUD_Care_and_Maintenance.pdf"">Care and Maintenance
  </a>
  <br>
  <a href=""https://assets.presscloud.com/file/79/790501299181424/WALLIE_ASSEMBLY_INSTRUCTION.pdf"">Assembly instructions
  </a>
</div>
<script>
var coll = document.getElementsByClassName(""collapsible"");
var i;

for (i = 0; i < coll.length; i++) {
coll[i].addEventListener(""click"", function() {
this.classList.toggle(""active"");
var content = this.nextElementSibling;
if (content.style.maxHeight){
content.style.maxHeight = null;
} else {
content.style.maxHeight = content.scrollHeight + ""px"";
}
});
}

function toggleReadMore() {
const content = document.getElementById('myContent');
content.classList.toggle('expanded');
const button = document.querySelector('.read-more-button');
if (content.classList.contains('expanded')) {
button.textContent = 'Show Less';
} else {
button.textContent = '+ More';
}
}
</script>",M&E Interior,Uncategory,furniture,furniture,FALSE,,,,,,,140172,3000,,,deny,manual,179.00,,FALSE,TRUE,5712800022667,https://presscloud.com/file/64/648514644681473/140172_WOUD_Wallie_walnut_1_exposed.jpg,1,Wallie wall drawer,FALSE,Wallie wall drawer,Wallie wall drawer,,,,,,,,g,,,,,,,,,draft
wallie-wall-drawer,,,,,,,,,,,,,,,,,,,,,,,,,https://presscloud.com/file/44/442162373424966/140172_WOUD_Wallie_walnut_2_exposed.jpg,2,Wallie wall drawer,,,,,,,,,,,,,,,,,,,,
wallie-wall-drawer,,,,,,,,,,,,,,,,,,,,,,,,,https://presscloud.com/file/29/296060312021255/140172_WOUD_Wallie_walnut_3.jpg,3,Wallie wall drawer,,,,,,,,,,,,,,,,,,,,
wallie-wall-drawer,,,,,,,,,,,,,,,,,,,,,,,,,https://presscloud.com/file/13/130723906712653/140172_WOUD_Wallie_walnut_4.jpg,4,Wallie wall drawer,,,,,,,,,,,,,,,,,,,,
wallie-wall-drawer,,,,,,,,,,,,,,,,,,,,,,,,,https://presscloud.com/file/63/631866244982948/WOUD_Lifestyle_2021_SS21_Wallie_walnut_1.jpg,5,Wallie wall drawer,,,,,,,,,,,,,,,,,,,,
wallie-wall-drawer,,,,,,,,,,,,,,,,,,,,,,,,,https://presscloud.com/file/20/208700897111809/WOUD_Lifestyle_2021_SS21_Wallie_walnut_2.jpg,6,Wallie wall drawer,,,,,,,,,,,,,,,,,,,,
wallie-wall-drawer,Wallie wall drawer,"<style>
  .content-wrapper {
    max-height: 100px;
    overflow: hidden;
    position: relative;
    transition: max-height 0.3s ease-out;
  }
  
  .content-wrapper.expanded {
    max-height: 500px;
  }

  .read-more-button {
    display: block;
    margin-top: 15px;
    cursor: pointer;
    color: #736357;
  }
  
  .collapsible {
    background-color: #FBF9F7;
    color: #736357;
    cursor: pointer;
    padding: 20px 0px;
    width: 100%;
    border: none;
    text-align: left;
    font-size: 15px;
  }

  .collapsible:after {
    content: '\002B';
    color: #736357;
    font-weight: bold;
    float: right;
    margin-left: 5px;
  }

  .active:after {
    content: ""\2212"";
  }
  
  .content {
    padding: 0px 10px;
    max-height: 0;
    overflow: hidden;
    transition: max-height 0.2s ease-out;
    background-color: #FBF9F7;
  }

</style>
<div id=""myContent"" class=""content-wrapper"">
  <!-- This is the Product Description -->
  <p>Wallie beautifully combines bent oak with solid metal creating an elegant wall-mounted drawer. With its circular, soft shapes Wallie is a visually strong design that easily can act like a centrepiece or be combined with other designs. The bracket embraces the magnetic wood drawer making the design both minimalistic and functional. Wallie is perfect for storing small everyday essentials in the hallway or as a bedside table in the bedroom.</p>
</div>
<span class=""read-more-button"" onclick=""toggleReadMore()"">+ More</span>
<br><br>
<!-- These are the dropdown tabs of information -->
<button class=""collapsible"">Details</button>
<div class=""content"">
  <!-- These are where the variant details go -->
  <h5>Designs Available</h5>
  <p>Wallie beautifully combines bent oak with solid black metal creating an elegant wall-mounted drawer. The bracket embraces the magnetic wood drawer making the design both minimalistic and functional. Wallie is perfect for storing small everyday essentials in the hallway or as a bedside table in the bedroom.</p>
  <br>
  <h5>Fabric Colour</h5>
  <p>Oak</p>
  <br>
  <h5>Product Dimensions</h5>
  <p>Height: 10cm</p>
  <p>Width: 22.5cm</p>
  <p>Depth: 30cm</p>
  <p>Weight: 3kg</p>
  <br>
</div>
<!-- This is for the certifications and warranties (not all products have both) if not, just removed-->
<button class=""collapsible"">Certifications</button>
<div class=""content""> 
  <h5>Certifications</h5>
  <p>TSCA Title VI</p>
  <p>CARB II</p>
  <p>Prop 65</p>
  <br> 
</div>
<br>
<br>
<!-- This is for the files (not all products have) if not, just removed-->
<button class=""collapsible"">Files</button>
<div class=""content"">
  <a href=""https://presscloud.com/file/91/915725680692736/WOUD_Care_and_Maintenance.pdf"">Care and Maintenance
  </a>
  <br>
  <a href=""https://assets.presscloud.com/file/79/790501299181424/WALLIE_ASSEMBLY_INSTRUCTION.pdf"">Assembly instructions
  </a>
</div>
<script>
var coll = document.getElementsByClassName(""collapsible"");
var i;

for (i = 0; i < coll.length; i++) {
coll[i].addEventListener(""click"", function() {
this.classList.toggle(""active"");
var content = this.nextElementSibling;
if (content.style.maxHeight){
content.style.maxHeight = null;
} else {
content.style.maxHeight = content.scrollHeight + ""px"";
}
});
}

function toggleReadMore() {
const content = document.getElementById('myContent');
content.classList.toggle('expanded');
const button = document.querySelector('.read-more-button');
if (content.classList.contains('expanded')) {
button.textContent = 'Show Less';
} else {
button.textContent = '+ More';
}
}
</script>",M&E Interior,Uncategory,furniture,furniture,FALSE,,,,,,,140175,3000,,,deny,manual,169.00,,FALSE,TRUE,5712800032291,https://presscloud.com/file/21/213804683577315/WOUD_140175_Wallie_Grey_beigeoak_Exposed.jpg,1,Wallie wall drawer,FALSE,Wallie wall drawer,Wallie wall drawer,,,,,,,,g,,,,,,,,,draft
wallie-wall-drawer,,,,,,,,,,,,,,,,,,,,,,,,,https://presscloud.com/file/86/868340115254728/WOUD_140175_Wallie_Grey_beigeoak_2_Exposed.jpg,2,Wallie wall drawer,,,,,,,,,,,,,,,,,,,,
wallie-wall-drawer,,,,,,,,,,,,,,,,,,,,,,,,,https://presscloud.com/file/94/942590480501519/WOUD_140175_Wallie_Grey_beigeoak_3.jpg,3,Wallie wall drawer,,,,,,,,,,,,,,,,,,,,
wallie-wall-drawer,,,,,,,,,,,,,,,,,,,,,,,,,https://presscloud.com/file/45/452624849173196/WOUD_SS24_Wallie_Cono.jpg,4,Wallie wall drawer,,,,,,,,,,,,,,,,,,,,
hibo-hippopotamus-mini,Hibo hippopotamus (Mini),"<style>
  .content-wrapper {
    max-height: 100px;
    overflow: hidden;
    position: relative;
    transition: max-height 0.3s ease-out;
  }
  
  .content-wrapper.expanded {
    max-height: 500px;
  }

  .read-more-button {
    display: block;
    margin-top: 15px;
    cursor: pointer;
    color: #736357;
  }
  
  .collapsible {
    background-color: #FBF9F7;
    color: #736357;
    cursor: pointer;
    padding: 20px 0px;
    width: 100%;
    border: none;
    text-align: left;
    font-size: 15px;
  }

  .collapsible:after {
    content: '\002B';
    color: #736357;
    font-weight: bold;
    float: right;
    margin-left: 5px;
  }

  .active:after {
    content: ""\2212"";
  }
  
  .content {
    padding: 0px 10px;
    max-height: 0;
    overflow: hidden;
    transition: max-height 0.2s ease-out;
    background-color: #FBF9F7;
  }

</style>
<div id=""myContent"" class=""content-wrapper"">
  <!-- This is the Product Description -->
  <p>Hibo captures the nature of hippos in a simple and lovable sculpture made from solid oak. With the deep black eyes, Hibo has a vivid look.he expression of the hippopotamus can change as the head can be tilted to either side giving Hibo a charming and wondering look on its face. On its own or together with its family, Hibo will bring enjoyment to any room it enters.</p>
</div>
<span class=""read-more-button"" onclick=""toggleReadMore()"">+ More</span>
<br><br>
<!-- These are the dropdown tabs of information -->
<button class=""collapsible"">Details</button>
<div class=""content"">
  <!-- These are where the variant details go -->
  <h5>Designs Available</h5>
  <p>Hibo captures the nature of hippos in a simple and lovable sculpture made from solid oak. With the deep black eyes, Hibo has a vivid look. The expression of the hippopotamus can change as the head can be tilted to either side giving Hibo a charming and wondering look on its face. On its own or together with its family, Hibo will bring enjoyment to any room it enters.</p>
  <br>
  <h5>Fabric Colour</h5>
  <p>Matt oak</p>
  <br>
  <h5>Product Dimensions</h5>
  <p>Height: 5cm</p>
  <p>Width: 5.8cm</p>
  <p>Depth: 9cm</p>
  <p>Weight: 0.08kg</p>
  <br>
</div>
<br>
<!-- This is for the files (not all products have) if not, just removed-->
<button class=""collapsible"">Files</button>
<div class=""content"">
  <a href=""https://presscloud.com/file/91/915725680692736/WOUD_Care_and_Maintenance.pdf"">Care and Maintenance
  </a>
</div>
<script>
var coll = document.getElementsByClassName(""collapsible"");
var i;

for (i = 0; i < coll.length; i++) {
coll[i].addEventListener(""click"", function() {
this.classList.toggle(""active"");
var content = this.nextElementSibling;
if (content.style.maxHeight){
content.style.maxHeight = null;
} else {
content.style.maxHeight = content.scrollHeight + ""px"";
}
});
}

function toggleReadMore() {
const content = document.getElementById('myContent');
content.classList.toggle('expanded');
const button = document.querySelector('.read-more-button');
if (content.classList.contains('expanded')) {
button.textContent = 'Show Less';
} else {
button.textContent = '+ More';
}
}
</script>",M&E Interior,Uncategory,furniture,furniture,FALSE,,,,,,,150027,80,,,deny,manual,59.00,,FALSE,TRUE,5712800010008,"https://presscloud.com/file/85/852921863009294/150027_Hibo_hippopotamus,_mini_exposed.jpg",1,Hibo hippopotamus (Mini),FALSE,Hibo hippopotamus (Mini),Hibo hippopotamus (Mini),,,,,,,,g,,,,,,,,,draft
hibo-hippopotamus-mini,,,,,,,,,,,,,,,,,,,,,,,,,https://presscloud.com/file/17/172410351660603/150027_Hibo_hippopotamus_exposed.jpg,2,Hibo hippopotamus (Mini),,,,,,,,,,,,,,,,,,,,
hibo-hippopotamus-mini,,,,,,,,,,,,,,,,,,,,,,,,,https://presscloud.com/file/33/335260013554983/WOUD_Hibo_credit_@larissaxmar_1.jpg,3,Hibo hippopotamus (Mini),,,,,,,,,,,,,,,,,,,,
hibo-hippopotamus-mini,,,,,,,,,,,,,,,,,,,,,,,,,https://presscloud.com/file/36/360197607689875/WOUD_Lifestyle_2017_Hibo.jpg,4,Hibo hippopotamus (Mini),,,,,,,,,,,,,,,,,,,,
hibo-hippopotamus-mini,,,,,,,,,,,,,,,,,,,,,,,,,https://presscloud.com/file/11/114180860960621/WOUD_AW18_Hibo_3.jpg,5,Hibo hippopotamus (Mini),,,,,,,,,,,,,,,,,,,,
nunu-elephant-mini,Nunu elephant (Mini),"<style>
  .content-wrapper {
    max-height: 100px;
    overflow: hidden;
    position: relative;
    transition: max-height 0.3s ease-out;
  }
  
  .content-wrapper.expanded {
    max-height: 500px;
  }

  .read-more-button {
    display: block;
    margin-top: 15px;
    cursor: pointer;
    color: #736357;
  }
  
  .collapsible {
    background-color: #FBF9F7;
    color: #736357;
    cursor: pointer;
    padding: 20px 0px;
    width: 100%;
    border: none;
    text-align: left;
    font-size: 15px;
  }

  .collapsible:after {
    content: '\002B';
    color: #736357;
    font-weight: bold;
    float: right;
    margin-left: 5px;
  }

  .active:after {
    content: ""\2212"";
  }
  
  .content {
    padding: 0px 10px;
    max-height: 0;
    overflow: hidden;
    transition: max-height 0.2s ease-out;
    background-color: #FBF9F7;
  }

</style>
<div id=""myContent"" class=""content-wrapper"">
  <!-- This is the Product Description -->
  <p>Nunu captures the nature of elephants in a simple and lovable sculpture made from solid oak. With the deep black eyes, Nunu has a vivid look. The expression of the elephant can change as the head can be tilted to either side giving Nunu a charming and wondering look on its face. On its own or together with its family, Nunu will bring enjoyment to any room it enters.</p>
</div>
<span class=""read-more-button"" onclick=""toggleReadMore()"">+ More</span>
<br><br>
<!-- These are the dropdown tabs of information -->
<button class=""collapsible"">Details</button>
<div class=""content"">
  <!-- These are where the variant details go -->
  <h5>Designs Available</h5>
  <p>Nunu captures the nature of elephants in a simple and lovable sculpture made from solid oak. The expression of the elephant can change as the head can be tilted to either side giving Nunu a charming and wondering look on its face. On its own or together with its family, Nunu will bring enjoyment to any room it enters.</p>
  <br>
  <h5>Fabric Colour</h5>
  <p>Matt oak</p>
  <br>
  <h5>Product Dimensions</h5>
  <p>Height: 7.8cm</p>
  <p>Width: 8.2cm</p>
  <p>Depth: 9.5cm</p>
  <p>Weight: 0.13kg</p>
  <br>
</div>
<br>
<!-- This is for the files (not all products have) if not, just removed-->
<button class=""collapsible"">Files</button>
<div class=""content"">
  <a href=""https://presscloud.com/file/91/915725680692736/WOUD_Care_and_Maintenance.pdf"">Care and Maintenance
  </a>
</div>
<script>
var coll = document.getElementsByClassName(""collapsible"");
var i;

for (i = 0; i < coll.length; i++) {
coll[i].addEventListener(""click"", function() {
this.classList.toggle(""active"");
var content = this.nextElementSibling;
if (content.style.maxHeight){
content.style.maxHeight = null;
} else {
content.style.maxHeight = content.scrollHeight + ""px"";
}
});
}

function toggleReadMore() {
const content = document.getElementById('myContent');
content.classList.toggle('expanded');
const button = document.querySelector('.read-more-button');
if (content.classList.contains('expanded')) {
button.textContent = 'Show Less';
} else {
button.textContent = '+ More';
}
}
</script>",M&E Interior,Uncategory,furniture,furniture,FALSE,,,,,,,150029,130,,,deny,manual,99.00,,FALSE,TRUE,5712800010022,"https://presscloud.com/file/91/912310284098601/150029_Nunu_elephant,_mini_exposed.jpg",1,Nunu elephant (Mini),FALSE,Nunu elephant (Mini),Nunu elephant (Mini),,,,,,,,g,,,,,,,,,draft
nunu-elephant-mini,,,,,,,,,,,,,,,,,,,,,,,,,https://presscloud.com/file/90/901913923877608/150029_Nunu_elephants_exposed.jpg,2,Nunu elephant (Mini),,,,,,,,,,,,,,,,,,,,
nunu-elephant-mini,,,,,,,,,,,,,,,,,,,,,,,,,https://presscloud.com/file/87/876862342632790/WOUD_AW18_Nunu.jpg,3,Nunu elephant (Mini),,,,,,,,,,,,,,,,,,,,
nunu-elephant-mini,,,,,,,,,,,,,,,,,,,,,,,,,https://presscloud.com/file/70/700987563803567/WOUD_SS22_TANGENT_NUNU.jpg,4,Nunu elephant (Mini),,,,,,,,,,,,,,,,,,,,
hibo-hippopotamus-small,Hibo hippopotamus (Small),"<style>
  .content-wrapper {
    max-height: 100px;
    overflow: hidden;
    position: relative;
    transition: max-height 0.3s ease-out;
  }
  
  .content-wrapper.expanded {
    max-height: 500px;
  }

  .read-more-button {
    display: block;
    margin-top: 15px;
    cursor: pointer;
    color: #736357;
  }
  
  .collapsible {
    background-color: #FBF9F7;
    color: #736357;
    cursor: pointer;
    padding: 20px 0px;
    width: 100%;
    border: none;
    text-align: left;
    font-size: 15px;
  }

  .collapsible:after {
    content: '\002B';
    color: #736357;
    font-weight: bold;
    float: right;
    margin-left: 5px;
  }

  .active:after {
    content: ""\2212"";
  }
  
  .content {
    padding: 0px 10px;
    max-height: 0;
    overflow: hidden;
    transition: max-height 0.2s ease-out;
    background-color: #FBF9F7;
  }

</style>
<div id=""myContent"" class=""content-wrapper"">
  <!-- This is the Product Description -->
  <p>Hibo captures the nature of hippos in a simple and lovable sculpture made from solid oak. With the deep black eyes, Hibo has a vivid look.he expression of the hippopotamus can change as the head can be tilted to either side giving Hibo a charming and wondering look on its face. On its own or together with its family, Hibo will bring enjoyment to any room it enters.</p>
</div>
<span class=""read-more-button"" onclick=""toggleReadMore()"">+ More</span>
<br><br>
<!-- These are the dropdown tabs of information -->
<button class=""collapsible"">Details</button>
<div class=""content"">
  <!-- These are where the variant details go -->
  <h5>Designs Available</h5>
  <p>Hibo captures the nature of hippos in a simple and lovable sculpture made from solid oak. With the deep black eyes, Hibo has a vivid look. The expression of the hippopotamus can change as the head can be tilted to either side giving Hibo a charming and wondering look on its face. On its own or together with its family, Hibo will bring enjoyment to any room it enters.</p>
  <br>
  <h5>Fabric Colour</h5>
  <p>Matt oak</p>
  <br>
  <h5>Product Dimensions</h5>
  <p>Height: 6.9cm</p>
  <p>Width: 7.7cm</p>
  <p>Depth: 12cm</p>
  <p>Weight: 0.18kg</p>
  <br>
</div>
<br>
<!-- This is for the files (not all products have) if not, just removed-->
<button class=""collapsible"">Files</button>
<div class=""content"">
  <a href=""https://presscloud.com/file/91/915725680692736/WOUD_Care_and_Maintenance.pdf"">Care and Maintenance
  </a>
</div>
<script>
var coll = document.getElementsByClassName(""collapsible"");
var i;

for (i = 0; i < coll.length; i++) {
coll[i].addEventListener(""click"", function() {
this.classList.toggle(""active"");
var content = this.nextElementSibling;
if (content.style.maxHeight){
content.style.maxHeight = null;
} else {
content.style.maxHeight = content.scrollHeight + ""px"";
}
});
}

function toggleReadMore() {
const content = document.getElementById('myContent');
content.classList.toggle('expanded');
const button = document.querySelector('.read-more-button');
if (content.classList.contains('expanded')) {
button.textContent = 'Show Less';
} else {
button.textContent = '+ More';
}
}
</script>",M&E Interior,Uncategory,furniture,furniture,FALSE,,,,,,,150033,180,,,deny,manual,99.00,,FALSE,TRUE,5712800006889,"https://presscloud.com/file/93/930625030074865/150033_Hibo_hippopotamus,_small_exposed.jpg",1,Hibo hippopotamus (Small),FALSE,Hibo hippopotamus (Small),Hibo hippopotamus (Small),,,,,,,,g,,,,,,,,,draft
hibo-hippopotamus-small,,,,,,,,,,,,,,,,,,,,,,,,,"https://presscloud.com/file/44/444463828682547/150033_Hibo_hippopotamus,_small_2_exposed.jpg",2,Hibo hippopotamus (Small),,,,,,,,,,,,,,,,,,,,
hibo-hippopotamus-small,,,,,,,,,,,,,,,,,,,,,,,,,https://presscloud.com/file/17/172410351660603/150027_Hibo_hippopotamus_exposed.jpg,3,Hibo hippopotamus (Small),,,,,,,,,,,,,,,,,,,,
hibo-hippopotamus-small,,,,,,,,,,,,,,,,,,,,,,,,,https://presscloud.com/file/42/424679932852164/WOUD_SS22_ELEVATE_ARKIV_HIBO_PIDESTALL.jpg,4,Hibo hippopotamus (Small),,,,,,,,,,,,,,,,,,,,
hibo-hippopotamus-small,,,,,,,,,,,,,,,,,,,,,,,,,https://presscloud.com/file/33/335260013554983/WOUD_Hibo_credit_@larissaxmar_1.jpg,5,Hibo hippopotamus (Small),,,,,,,,,,,,,,,,,,,,
hibo-hippopotamus-small,,,,,,,,,,,,,,,,,,,,,,,,,https://presscloud.com/file/11/114180860960621/WOUD_AW18_Hibo_3.jpg,6,Hibo hippopotamus (Small),,,,,,,,,,,,,,,,,,,,
rina-rhinoceros-medium,Rina rhinoceros (Medium),"<style>
  .content-wrapper {
    max-height: 100px;
    overflow: hidden;
    position: relative;
    transition: max-height 0.3s ease-out;
  }
  
  .content-wrapper.expanded {
    max-height: 500px;
  }

  .read-more-button {
    display: block;
    margin-top: 15px;
    cursor: pointer;
    color: #736357;
  }
  
  .collapsible {
    background-color: #FBF9F7;
    color: #736357;
    cursor: pointer;
    padding: 20px 0px;
    width: 100%;
    border: none;
    text-align: left;
    font-size: 15px;
  }

  .collapsible:after {
    content: '\002B';
    color: #736357;
    font-weight: bold;
    float: right;
    margin-left: 5px;
  }

  .active:after {
    content: ""\2212"";
  }
  
  .content {
    padding: 0px 10px;
    max-height: 0;
    overflow: hidden;
    transition: max-height 0.2s ease-out;
    background-color: #FBF9F7;
  }

</style>
<div id=""myContent"" class=""content-wrapper"">
  <!-- This is the Product Description -->
  <p>Rina captures the nature of rhinos in a simple and lovable sculpture made from solid oak. With the deep black eyes, Rina has a vivid look. The expression of the rhinoceros can change as the head can be tilted to either side giving Rina a charming and wondering look on its face. On its own or together with its family, Rina will bring enjoyment to any room it enters.</p>
</div>
<span class=""read-more-button"" onclick=""toggleReadMore()"">+ More</span>
<br><br>
<!-- These are the dropdown tabs of information -->
<button class=""collapsible"">Details</button>
<div class=""content"">
  <!-- These are where the variant details go -->
  <h5>Designs Available</h5>
  <p>Rina captures the nature of rhinos in a simple and lovable sculpture made from solid oak. The expression of the rhinoceros can change as the head can be tilted to either side giving Rina a charming and wondering look on its face. On its own or together with its family, Rina will bring enjoyment to any room it enters. Building upon an old tradition among Danish architects and designers to make expressive wooden sculptures.</p>
  <br>
  <h5>Fabric Colour</h5>
  <p>Matt oak</p>
  <br>
  <h5>Product Dimensions</h5>
  <p>Height: 11.5cm</p>
  <p>Width: 12.5cm</p>
  <p>Depth: 20.5cm</p>
  <p>Weight: 0.7kg</p>
  <br>
</div>
<br>
<!-- This is for the files (not all products have) if not, just removed-->
<button class=""collapsible"">Files</button>
<div class=""content"">
  <a href=""https://presscloud.com/file/91/915725680692736/WOUD_Care_and_Maintenance.pdf"">Care and Maintenance
  </a>
</div>
<script>
var coll = document.getElementsByClassName(""collapsible"");
var i;

for (i = 0; i < coll.length; i++) {
coll[i].addEventListener(""click"", function() {
this.classList.toggle(""active"");
var content = this.nextElementSibling;
if (content.style.maxHeight){
content.style.maxHeight = null;
} else {
content.style.maxHeight = content.scrollHeight + ""px"";
}
});
}

function toggleReadMore() {
const content = document.getElementById('myContent');
content.classList.toggle('expanded');
const button = document.querySelector('.read-more-button');
if (content.classList.contains('expanded')) {
button.textContent = 'Show Less';
} else {
button.textContent = '+ More';
}
}
</script>",M&E Interior,Uncategory,furniture,furniture,FALSE,,,,,,,150034,700,,,deny,manual,149.00,,FALSE,TRUE,5712800006896,"https://presscloud.com/file/41/414408036629299/150034_Rina_rhinoceros,_medium_exposed.jpg",1,Rina rhinoceros (Medium),FALSE,Rina rhinoceros (Medium),Rina rhinoceros (Medium),,,,,,,,g,,,,,,,,,draft
rina-rhinoceros-medium,,,,,,,,,,,,,,,,,,,,,,,,,"https://presscloud.com/file/33/337903371926756/150034_Rina_rhinoceros,_medium_2_exposed.jpg",2,Rina rhinoceros (Medium),,,,,,,,,,,,,,,,,,,,
rina-rhinoceros-medium,,,,,,,,,,,,,,,,,,,,,,,,,https://presscloud.com/file/55/559783120273975/150028_Rina_rhinoceros_exposed.jpg,3,Rina rhinoceros (Medium),,,,,,,,,,,,,,,,,,,,
rina-rhinoceros-medium,,,,,,,,,,,,,,,,,,,,,,,,,https://presscloud.com/file/83/830893814931340/WOUD_SS22_RINA_ELEVATE.jpg,4,Rina rhinoceros (Medium),,,,,,,,,,,,,,,,,,,,
rina-rhinoceros-medium,,,,,,,,,,,,,,,,,,,,,,,,,https://presscloud.com/file/58/582627476136555/WOUD_Rina_rhinoceros.png,5,Rina rhinoceros (Medium),,,,,,,,,,,,,,,,,,,,
rina-rhinoceros-medium,,,,,,,,,,,,,,,,,,,,,,,,,https://presscloud.com/file/62/626904460707477/WOUD_AW18_Rina_4.jpg,6,Rina rhinoceros (Medium),,,,,,,,,,,,,,,,,,,,
rina-rhinoceros-small,Rina rhinoceros (Small),"<style>
  .content-wrapper {
    max-height: 100px;
    overflow: hidden;
    position: relative;
    transition: max-height 0.3s ease-out;
  }
  
  .content-wrapper.expanded {
    max-height: 500px;
  }

  .read-more-button {
    display: block;
    margin-top: 15px;
    cursor: pointer;
    color: #736357;
  }
  
  .collapsible {
    background-color: #FBF9F7;
    color: #736357;
    cursor: pointer;
    padding: 20px 0px;
    width: 100%;
    border: none;
    text-align: left;
    font-size: 15px;
  }

  .collapsible:after {
    content: '\002B';
    color: #736357;
    font-weight: bold;
    float: right;
    margin-left: 5px;
  }

  .active:after {
    content: ""\2212"";
  }
  
  .content {
    padding: 0px 10px;
    max-height: 0;
    overflow: hidden;
    transition: max-height 0.2s ease-out;
    background-color: #FBF9F7;
  }

</style>
<div id=""myContent"" class=""content-wrapper"">
  <!-- This is the Product Description -->
  <p>Rina captures the nature of rhinos in a simple and lovable sculpture made from solid oak. With the deep black eyes, Rina has a vivid look. The expression of the rhinoceros can change as the head can be tilted to either side giving Rina a charming and wondering look on its face. On its own or together with its family, Rina will bring enjoyment to any room it enters.</p>
</div>
<span class=""read-more-button"" onclick=""toggleReadMore()"">+ More</span>
<br><br>
<!-- These are the dropdown tabs of information -->
<button class=""collapsible"">Details</button>
<div class=""content"">
  <!-- These are where the variant details go -->
  <h5>Designs Available</h5>
  <p>Rina captures the nature of rhinos in a simple and lovable sculpture made from solid oak. The expression of the rhinoceros can change as the head can be tilted to either side giving Rina a charming and wondering look on its face. On its own or together with its family, Rina will bring enjoyment to any room it enters. Building upon an old tradition among Danish architects and designers to make expressive wooden sculptures.</p>
  <br>
  <h5>Fabric Colour</h5>
  <p>Matt oak</p>
  <br>
  <h5>Product Dimensions</h5>
  <p>Height: 7cm</p>
  <p>Width: 7.9cm</p>
  <p>Depth: 13cm</p>
  <p>Weight: 0.18kg</p>
  <br>
</div>
<br>
<!-- This is for the files (not all products have) if not, just removed-->
<button class=""collapsible"">Files</button>
<div class=""content"">
  <a href=""https://presscloud.com/file/91/915725680692736/WOUD_Care_and_Maintenance.pdf"">Care and Maintenance
  </a>
</div>
<script>
var coll = document.getElementsByClassName(""collapsible"");
var i;

for (i = 0; i < coll.length; i++) {
coll[i].addEventListener(""click"", function() {
this.classList.toggle(""active"");
var content = this.nextElementSibling;
if (content.style.maxHeight){
content.style.maxHeight = null;
} else {
content.style.maxHeight = content.scrollHeight + ""px"";
}
});
}

function toggleReadMore() {
const content = document.getElementById('myContent');
content.classList.toggle('expanded');
const button = document.querySelector('.read-more-button');
if (content.classList.contains('expanded')) {
button.textContent = 'Show Less';
} else {
button.textContent = '+ More';
}
}
</script>",M&E Interior,Uncategory,furniture,furniture,FALSE,,,,,,,150035,180,,,deny,manual,99.00,,FALSE,TRUE,5712800006902,"https://presscloud.com/file/16/167916855719606/150035_Rina_rhinoceros,_small_exposed.jpg",1,Rina rhinoceros (Small),FALSE,Rina rhinoceros (Small),Rina rhinoceros (Small),,,,,,,,g,,,,,,,,,draft
rina-rhinoceros-small,,,,,,,,,,,,,,,,,,,,,,,,,"https://presscloud.com/file/64/642592187727724/150035_Rina_rhinoceros,_small_2_exposed.jpg",2,Rina rhinoceros (Small),,,,,,,,,,,,,,,,,,,,
rina-rhinoceros-small,,,,,,,,,,,,,,,,,,,,,,,,,https://presscloud.com/file/55/559783120273975/150028_Rina_rhinoceros_exposed.jpg,3,Rina rhinoceros (Small),,,,,,,,,,,,,,,,,,,,
rina-rhinoceros-small,,,,,,,,,,,,,,,,,,,,,,,,,https://presscloud.com/file/83/830893814931340/WOUD_SS22_RINA_ELEVATE.jpg,4,Rina rhinoceros (Small),,,,,,,,,,,,,,,,,,,,
rina-rhinoceros-small,,,,,,,,,,,,,,,,,,,,,,,,,https://presscloud.com/file/44/447603113951526/WOUD_Rina_Credit_@philcohen_4.JPG,5,Rina rhinoceros (Small),,,,,,,,,,,,,,,,,,,,
rina-rhinoceros-small,,,,,,,,,,,,,,,,,,,,,,,,,https://presscloud.com/file/36/369853333200644/WOUD_Rina_Credit_@philcohen_3.JPG,6,Rina rhinoceros (Small),,,,,,,,,,,,,,,,,,,,
rina-rhinoceros-small,,,,,,,,,,,,,,,,,,,,,,,,,https://presscloud.com/file/62/626904460707477/WOUD_AW18_Rina_4.jpg,7,Rina rhinoceros (Small),,,,,,,,,,,,,,,,,,,,
nunu-elephant-small,Nunu elephant (Small),"<style>
  .content-wrapper {
    max-height: 100px;
    overflow: hidden;
    position: relative;
    transition: max-height 0.3s ease-out;
  }
  
  .content-wrapper.expanded {
    max-height: 500px;
  }

  .read-more-button {
    display: block;
    margin-top: 15px;
    cursor: pointer;
    color: #736357;
  }
  
  .collapsible {
    background-color: #FBF9F7;
    color: #736357;
    cursor: pointer;
    padding: 20px 0px;
    width: 100%;
    border: none;
    text-align: left;
    font-size: 15px;
  }

  .collapsible:after {
    content: '\002B';
    color: #736357;
    font-weight: bold;
    float: right;
    margin-left: 5px;
  }

  .active:after {
    content: ""\2212"";
  }
  
  .content {
    padding: 0px 10px;
    max-height: 0;
    overflow: hidden;
    transition: max-height 0.2s ease-out;
    background-color: #FBF9F7;
  }

</style>
<div id=""myContent"" class=""content-wrapper"">
  <!-- This is the Product Description -->
  <p>Nunu captures the nature of elephants in a simple and lovable sculpture made from solid oak. With the deep black eyes, Nunu has a vivid look. The expression of the elephant can change as the head can be tilted to either side giving Nunu a charming and wondering look on its face. On its own or together with its family, Nunu will bring enjoyment to any room it enters.</p>
</div>
<span class=""read-more-button"" onclick=""toggleReadMore()"">+ More</span>
<br><br>
<!-- These are the dropdown tabs of information -->
<button class=""collapsible"">Details</button>
<div class=""content"">
  <!-- These are where the variant details go -->
  <h5>Designs Available</h5>
  <p>Nunu captures the nature of elephants in a simple and lovable sculpture made from solid oak. The expression of the elephant can change as the head can be tilted to either side giving Nunu a charming and wondering look on its face. On its own or together with its family, Nunu will bring enjoyment to any room it enters.</p>
  <br>
  <h5>Fabric Colour</h5>
  <p>Matt oak</p>
  <br>
  <h5>Product Dimensions</h5>
  <p>Height: 10cm</p>
  <p>Width: 10.8cm</p>
  <p>Depth: 14cm</p>
  <p>Weight: 0.32kg</p>
  <br>
</div>
<br>
<!-- This is for the files (not all products have) if not, just removed-->
<button class=""collapsible"">Files</button>
<div class=""content"">
  <a href=""https://presscloud.com/file/91/915725680692736/WOUD_Care_and_Maintenance.pdf"">Care and Maintenance
  </a>
</div>
<script>
var coll = document.getElementsByClassName(""collapsible"");
var i;

for (i = 0; i < coll.length; i++) {
coll[i].addEventListener(""click"", function() {
this.classList.toggle(""active"");
var content = this.nextElementSibling;
if (content.style.maxHeight){
content.style.maxHeight = null;
} else {
content.style.maxHeight = content.scrollHeight + ""px"";
}
});
}

function toggleReadMore() {
const content = document.getElementById('myContent');
content.classList.toggle('expanded');
const button = document.querySelector('.read-more-button');
if (content.classList.contains('expanded')) {
button.textContent = 'Show Less';
} else {
button.textContent = '+ More';
}
}
</script>",M&E Interior,Uncategory,furniture,furniture,FALSE,,,,,,,150036,320,,,deny,manual,139.00,,FALSE,TRUE,5712800006919,"https://presscloud.com/file/13/132318231664511/150036_Nunu_elephant,_small_exposed.jpg",1,Nunu elephant (Small),FALSE,Nunu elephant (Small),Nunu elephant (Small),,,,,,,,g,,,,,,,,,draft
nunu-elephant-small,,,,,,,,,,,,,,,,,,,,,,,,,https://presscloud.com/file/90/901913923877608/150029_Nunu_elephants_exposed.jpg,2,Nunu elephant (Small),,,,,,,,,,,,,,,,,,,,
nunu-elephant-small,,,,,,,,,,,,,,,,,,,,,,,,,https://presscloud.com/file/87/876862342632790/WOUD_AW18_Nunu.jpg,3,Nunu elephant (Small),,,,,,,,,,,,,,,,,,,,
nunu-elephant-medium,Nunu elephant (Medium),"<style>
  .content-wrapper {
    max-height: 100px;
    overflow: hidden;
    position: relative;
    transition: max-height 0.3s ease-out;
  }
  
  .content-wrapper.expanded {
    max-height: 500px;
  }

  .read-more-button {
    display: block;
    margin-top: 15px;
    cursor: pointer;
    color: #736357;
  }
  
  .collapsible {
    background-color: #FBF9F7;
    color: #736357;
    cursor: pointer;
    padding: 20px 0px;
    width: 100%;
    border: none;
    text-align: left;
    font-size: 15px;
  }

  .collapsible:after {
    content: '\002B';
    color: #736357;
    font-weight: bold;
    float: right;
    margin-left: 5px;
  }

  .active:after {
    content: ""\2212"";
  }
  
  .content {
    padding: 0px 10px;
    max-height: 0;
    overflow: hidden;
    transition: max-height 0.2s ease-out;
    background-color: #FBF9F7;
  }

</style>
<div id=""myContent"" class=""content-wrapper"">
  <!-- This is the Product Description -->
  <p>Nunu captures the nature of elephants in a simple and lovable sculpture made from solid oak. With the deep black eyes, Nunu has a vivid look. The expression of the elephant can change as the head can be tilted to either side giving Nunu a charming and wondering look on its face. On its own or together with its family, Nunu will bring enjoyment to any room it enters.</p>
</div>
<span class=""read-more-button"" onclick=""toggleReadMore()"">+ More</span>
<br><br>
<!-- These are the dropdown tabs of information -->
<button class=""collapsible"">Details</button>
<div class=""content"">
  <!-- These are where the variant details go -->
  <h5>Designs Available</h5>
  <p>Nunu captures the nature of elephants in a simple and lovable sculpture made from solid oak. The expression of the elephant can change as the head can be tilted to either side giving Nunu a charming and wondering look on its face. On its own or together with its family, Nunu will bring enjoyment to any room it enters.</p>
  <br>
  <h5>Fabric Colour</h5>
  <p>Matt oak</p>
  <br>
  <h5>Product Dimensions</h5>
  <p>Height: 16cm</p>
  <p>Width: 16.5cm</p>
  <p>Depth: 19.8cm</p>
  <p>Weight: 1.5kg</p>
  <br>
</div>
<br>
<!-- This is for the files (not all products have) if not, just removed-->
<button class=""collapsible"">Files</button>
<div class=""content"">
  <a href=""https://presscloud.com/file/91/915725680692736/WOUD_Care_and_Maintenance.pdf"">Care and Maintenance
  </a>
</div>
<script>
var coll = document.getElementsByClassName(""collapsible"");
var i;

for (i = 0; i < coll.length; i++) {
coll[i].addEventListener(""click"", function() {
this.classList.toggle(""active"");
var content = this.nextElementSibling;
if (content.style.maxHeight){
content.style.maxHeight = null;
} else {
content.style.maxHeight = content.scrollHeight + ""px"";
}
});
}

function toggleReadMore() {
const content = document.getElementById('myContent');
content.classList.toggle('expanded');
const button = document.querySelector('.read-more-button');
if (content.classList.contains('expanded')) {
button.textContent = 'Show Less';
} else {
button.textContent = '+ More';
}
}
</script>",M&E Interior,Uncategory,furniture,furniture,FALSE,,,,,,,150037,1500,,,deny,manual,179.00,,FALSE,TRUE,5712800006926,"https://presscloud.com/file/59/598009701805305/150037_Nunu_elephant,_medium_exposed.jpg",1,Nunu elephant (Medium),FALSE,Nunu elephant (Medium),Nunu elephant (Medium),,,,,,,,g,,,,,,,,,draft
nunu-elephant-medium,,,,,,,,,,,,,,,,,,,,,,,,,https://presscloud.com/file/90/901913923877608/150029_Nunu_elephants_exposed.jpg,2,Nunu elephant (Medium),,,,,,,,,,,,,,,,,,,,
nunu-elephant-medium,,,,,,,,,,,,,,,,,,,,,,,,,https://presscloud.com/file/87/876862342632790/WOUD_AW18_Nunu.jpg,3,Nunu elephant (Medium),,,,,,,,,,,,,,,,,,,,
nunu-elephant-medium,,,,,,,,,,,,,,,,,,,,,,,,,https://presscloud.com/file/45/457297140700104/WOUD_SS22_LEAN_TRAY_SHELF_CONO_ARKIV_NUNU_1.jpg,4,Nunu elephant (Medium),,,,,,,,,,,,,,,,,,,,
haak-hook,Haak hook,"<style>
  .content-wrapper {
    max-height: 100px;
    overflow: hidden;
    position: relative;
    transition: max-height 0.3s ease-out;
  }
  
  .content-wrapper.expanded {
    max-height: 500px;
  }

  .read-more-button {
    display: block;
    margin-top: 15px;
    cursor: pointer;
    color: #736357;
  }
  
  .collapsible {
    background-color: #FBF9F7;
    color: #736357;
    cursor: pointer;
    padding: 20px 0px;
    width: 100%;
    border: none;
    text-align: left;
    font-size: 15px;
  }

  .collapsible:after {
    content: '\002B';
    color: #736357;
    font-weight: bold;
    float: right;
    margin-left: 5px;
  }

  .active:after {
    content: ""\2212"";
  }
  
  .content {
    padding: 0px 10px;
    max-height: 0;
    overflow: hidden;
    transition: max-height 0.2s ease-out;
    background-color: #FBF9F7;
  }

</style>
<div id=""myContent"" class=""content-wrapper"">
  <!-- This is the Product Description -->
  <p>With its round shape and simple design, Haak combines both beauty and functionality. The combination of the strong metal hook and the soft oak creates an elegant solution for hangers, bags or jackets. The clean lines in the outline of the hook make it ideal for the hallway or bedroom.</p>
</div>
<span class=""read-more-button"" onclick=""toggleReadMore()"">+ More</span>
<br><br>
<!-- These are the dropdown tabs of information -->
<button class=""collapsible"">Details</button>
<div class=""content"">
  <!-- These are where the variant details go -->
  <h5>Designs Available</h5>
  <p>With its round shape and simple design, Haak combines both beauty and functionality. The combination of the strong metal hook and the soft oak creates an elegant solution for hangers, bags or jackets. The clean lines in the outline of the hook make it ideal for the hallway or bedroom.</p>
  <br>
  <h5>Fabric Colour</h5>
  <p>Dark grey</p>
  <br>
  <h5>Product Dimensions</h5>
  <p>Height: 9cm</p>
  <p>Width: 4.6cm</p>
  <p>Depth: 8cm</p>
  <p>Weight: 0.19kg</p>
  <br>
</div>
<br>
<!-- This is for the files (not all products have) if not, just removed-->
<button class=""collapsible"">Files</button>
<div class=""content"">
  <a href=""https://presscloud.com/file/91/915725680692736/WOUD_Care_and_Maintenance.pdf"">Care and Maintenance
  </a>
  <br>
  <a href=""https://assets.presscloud.com/file/80/804172469644157/HAAK_ASSEMBLY_INSTRUCTION.pdf"">Assembly instructions
  </a>
</div>
<script>
var coll = document.getElementsByClassName(""collapsible"");
var i;

for (i = 0; i < coll.length; i++) {
coll[i].addEventListener(""click"", function() {
this.classList.toggle(""active"");
var content = this.nextElementSibling;
if (content.style.maxHeight){
content.style.maxHeight = null;
} else {
content.style.maxHeight = content.scrollHeight + ""px"";
}
});
}

function toggleReadMore() {
const content = document.getElementById('myContent');
content.classList.toggle('expanded');
const button = document.querySelector('.read-more-button');
if (content.classList.contains('expanded')) {
button.textContent = 'Show Less';
} else {
button.textContent = '+ More';
}
}
</script>",M&E Interior,Uncategory,furniture,furniture,FALSE,,,,,,,150038,190,,,deny,manual,55.00,,FALSE,TRUE,5712800005172,https://presscloud.com/file/63/630679745262692/150038_Haak_hook_dark_grey_exposed.jpg,1,Haak hook,FALSE,Haak hook,Haak hook,,,,,,,,g,,,,,,,,,draft
haak-hook,,,,,,,,,,,,,,,,,,,,,,,,,https://presscloud.com/file/31/319012937564892/WOUD_Lifestyle_2017_Haak.jpg,2,Haak hook,,,,,,,,,,,,,,,,,,,,
haak-hook,Haak hook,"<style>
  .content-wrapper {
    max-height: 100px;
    overflow: hidden;
    position: relative;
    transition: max-height 0.3s ease-out;
  }
  
  .content-wrapper.expanded {
    max-height: 500px;
  }

  .read-more-button {
    display: block;
    margin-top: 15px;
    cursor: pointer;
    color: #736357;
  }
  
  .collapsible {
    background-color: #FBF9F7;
    color: #736357;
    cursor: pointer;
    padding: 20px 0px;
    width: 100%;
    border: none;
    text-align: left;
    font-size: 15px;
  }

  .collapsible:after {
    content: '\002B';
    color: #736357;
    font-weight: bold;
    float: right;
    margin-left: 5px;
  }

  .active:after {
    content: ""\2212"";
  }
  
  .content {
    padding: 0px 10px;
    max-height: 0;
    overflow: hidden;
    transition: max-height 0.2s ease-out;
    background-color: #FBF9F7;
  }

</style>
<div id=""myContent"" class=""content-wrapper"">
  <!-- This is the Product Description -->
  <p>With its round shape and simple design, Haak combines both beauty and functionality. The combination of the strong metal hook and the soft oak creates an elegant solution for hangers, bags or jackets. The clean lines in the outline of the hook make it ideal for the hallway or bedroom.</p>
</div>
<span class=""read-more-button"" onclick=""toggleReadMore()"">+ More</span>
<br><br>
<!-- These are the dropdown tabs of information -->
<button class=""collapsible"">Details</button>
<div class=""content"">
  <!-- These are where the variant details go -->
  <h5>Designs Available</h5>
  <p>With its round shape and simple design, Haak combines both beauty and functionality. The combination of the strong metal hook and the soft oak creates an elegant solution for hangers, bags or jackets. The clean lines in the outline of the hook make it ideal for the hallway or bedroom.</p>
  <br>
  <h5>Fabric Colour</h5>
  <p>Black</p>
  <br>
  <h5>Product Dimensions</h5>
  <p>Height: 9cm</p>
  <p>Width: 4.6cm</p>
  <p>Depth: 8cm</p>
  <p>Weight: 0.19kg</p>
  <br>
</div>
<br>
<!-- This is for the files (not all products have) if not, just removed-->
<button class=""collapsible"">Files</button>
<div class=""content"">
  <a href=""https://presscloud.com/file/91/915725680692736/WOUD_Care_and_Maintenance.pdf"">Care and Maintenance
  </a>
  <br>
  <a href=""https://assets.presscloud.com/file/80/804172469644157/HAAK_ASSEMBLY_INSTRUCTION.pdf"">Assembly instructions
  </a>
</div>
<script>
var coll = document.getElementsByClassName(""collapsible"");
var i;

for (i = 0; i < coll.length; i++) {
coll[i].addEventListener(""click"", function() {
this.classList.toggle(""active"");
var content = this.nextElementSibling;
if (content.style.maxHeight){
content.style.maxHeight = null;
} else {
content.style.maxHeight = content.scrollHeight + ""px"";
}
});
}

function toggleReadMore() {
const content = document.getElementById('myContent');
content.classList.toggle('expanded');
const button = document.querySelector('.read-more-button');
if (content.classList.contains('expanded')) {
button.textContent = 'Show Less';
} else {
button.textContent = '+ More';
}
}
</script>",M&E Interior,Uncategory,furniture,furniture,FALSE,,,,,,,150039,190,,,deny,manual,55.00,,FALSE,TRUE,5712800005189,https://presscloud.com/file/40/402275593692890/150039_Haak_hook_black_exposed.jpg,1,Haak hook,FALSE,Haak hook,Haak hook,,,,,,,,g,,,,,,,,,draft
haak-hook,,,,,,,,,,,,,,,,,,,,,,,,,https://presscloud.com/file/31/319012937564892/WOUD_Lifestyle_2017_Haak.jpg,2,Haak hook,,,,,,,,,,,,,,,,,,,,
tail-wing-hook-small,Tail Wing hook (Small),"<style>
  .content-wrapper {
    max-height: 100px;
    overflow: hidden;
    position: relative;
    transition: max-height 0.3s ease-out;
  }
  
  .content-wrapper.expanded {
    max-height: 500px;
  }

  .read-more-button {
    display: block;
    margin-top: 15px;
    cursor: pointer;
    color: #736357;
  }
  
  .collapsible {
    background-color: #FBF9F7;
    color: #736357;
    cursor: pointer;
    padding: 20px 0px;
    width: 100%;
    border: none;
    text-align: left;
    font-size: 15px;
  }

  .collapsible:after {
    content: '\002B';
    color: #736357;
    font-weight: bold;
    float: right;
    margin-left: 5px;
  }

  .active:after {
    content: ""\2212"";
  }
  
  .content {
    padding: 0px 10px;
    max-height: 0;
    overflow: hidden;
    transition: max-height 0.2s ease-out;
    background-color: #FBF9F7;
  }

</style>
<div id=""myContent"" class=""content-wrapper"">
  <!-- This is the Product Description -->
  <p>The Tail Wing hooks are designed with inspiration from the shape of the backend of aeroplanes. With the lights on from above, the Tail Wing hooks will cast a shadow resembling the frontend of an aeroplane. The hooks are designed to hold just about anything you need from jackets and umbrellas to key chains and purses.</p>
</div>
<span class=""read-more-button"" onclick=""toggleReadMore()"">+ More</span>
<br><br>
<!-- These are the dropdown tabs of information -->
<button class=""collapsible"">Details</button>
<div class=""content"">
  <!-- These are where the variant details go -->
  <h5>Designs Available</h5>
  <p>The Tail Wing hooks are designed with inspiration from the shape of the backend of aeroplanes. With the lights on from above, the Tail Wing hooks will cast a shadow resembling the frontend of an aeroplane. The hooks are designed to hold just about anything you need from jackets and umbrellas to key chains and purses.</p>
  <br>
  <h5>Fabric Colour</h5>
  <p>White pigmented lacquered oak</p>
  <br>
  <h5>Product Dimensions</h5>
  <p>Height: 7.5cm</p>
  <p>Width: 12.3cm</p>
  <p>Depth: 13cm</p>
  <p>Weight: 0.2kg</p>
  <br>
</div>
<br>
<!-- This is for the files (not all products have) if not, just removed-->
<button class=""collapsible"">Files</button>
<div class=""content"">
  <a href=""https://presscloud.com/file/91/915725680692736/WOUD_Care_and_Maintenance.pdf"">Care and Maintenance
  </a>
  <br>
  <a href=""https://assets.presscloud.com/file/31/316172218777352/TAIL_WING_ASSEMBLY_INSTRUCTION.pdf"">Assembly instructions
  </a>
</div>
<script>
var coll = document.getElementsByClassName(""collapsible"");
var i;

for (i = 0; i < coll.length; i++) {
coll[i].addEventListener(""click"", function() {
this.classList.toggle(""active"");
var content = this.nextElementSibling;
if (content.style.maxHeight){
content.style.maxHeight = null;
} else {
content.style.maxHeight = content.scrollHeight + ""px"";
}
});
}

function toggleReadMore() {
const content = document.getElementById('myContent');
content.classList.toggle('expanded');
const button = document.querySelector('.read-more-button');
if (content.classList.contains('expanded')) {
button.textContent = 'Show Less';
} else {
button.textContent = '+ More';
}
}
</script>",M&E Interior,Uncategory,furniture,furniture,FALSE,,,,,,,150040,200,,,deny,manual,65.00,,FALSE,TRUE,5712800002300,https://presscloud.com/file/45/456667717150722/150040_Tail_wing_hook_oak_exposed.jpg,1,Tail Wing hook (Small),FALSE,Tail Wing hook (Small),Tail Wing hook (Small),,,,,,,,g,,,,,,,,,draft
tail-wing-hook-small,,,,,,,,,,,,,,,,,,,,,,,,,https://presscloud.com/file/34/344155872240912/150040_Tail_wing_hook_2_exposed.jpg,2,Tail Wing hook (Small),,,,,,,,,,,,,,,,,,,,
tail-wing-hook-small,,,,,,,,,,,,,,,,,,,,,,,,,https://presscloud.com/file/31/314928847079851/150041_Tail_wing_hook_3.jpg,3,Tail Wing hook (Small),,,,,,,,,,,,,,,,,,,,
tail-wing-hook-medium,Tail Wing hook (Medium),"<style>
  .content-wrapper {
    max-height: 100px;
    overflow: hidden;
    position: relative;
    transition: max-height 0.3s ease-out;
  }
  
  .content-wrapper.expanded {
    max-height: 500px;
  }

  .read-more-button {
    display: block;
    margin-top: 15px;
    cursor: pointer;
    color: #736357;
  }
  
  .collapsible {
    background-color: #FBF9F7;
    color: #736357;
    cursor: pointer;
    padding: 20px 0px;
    width: 100%;
    border: none;
    text-align: left;
    font-size: 15px;
  }

  .collapsible:after {
    content: '\002B';
    color: #736357;
    font-weight: bold;
    float: right;
    margin-left: 5px;
  }

  .active:after {
    content: ""\2212"";
  }
  
  .content {
    padding: 0px 10px;
    max-height: 0;
    overflow: hidden;
    transition: max-height 0.2s ease-out;
    background-color: #FBF9F7;
  }

</style>
<div id=""myContent"" class=""content-wrapper"">
  <!-- This is the Product Description -->
  <p>The Tail Wing hooks are designed with inspiration from the shape of the backend of aeroplanes. With the lights on from above, the Tail Wing hooks will cast a shadow resembling the frontend of an aeroplane. The hooks are designed to hold just about anything you need from jackets and umbrellas to key chains and purses.</p>
</div>
<span class=""read-more-button"" onclick=""toggleReadMore()"">+ More</span>
<br><br>
<!-- These are the dropdown tabs of information -->
<button class=""collapsible"">Details</button>
<div class=""content"">
  <!-- These are where the variant details go -->
  <h5>Designs Available</h5>
  <p>The Tail Wing hooks are designed with inspiration from the shape of the backend of aeroplanes. With the lights on from above, the Tail Wing hooks will cast a shadow resembling the frontend of an aeroplane. The hooks are designed to hold just about anything you need from jackets and umbrellas to key chains and purses.</p>
  <br>
  <h5>Fabric Colour</h5>
  <p>White pigmented lacquered oak</p>
  <br>
  <h5>Product Dimensions</h5>
  <p>Height: 9cm</p>
  <p>Width: 12.7cm</p>
  <p>Depth: 20.3cm</p>
  <p>Weight: 0.35kg</p>
  <br>
</div>
<br>
<!-- This is for the files (not all products have) if not, just removed-->
<button class=""collapsible"">Files</button>
<div class=""content"">
  <a href=""https://presscloud.com/file/91/915725680692736/WOUD_Care_and_Maintenance.pdf"">Care and Maintenance
  </a>
  <br>
  <a href=""https://assets.presscloud.com/file/31/316172218777352/TAIL_WING_ASSEMBLY_INSTRUCTION.pdf"">Assembly instructions
  </a>
</div>
<script>
var coll = document.getElementsByClassName(""collapsible"");
var i;

for (i = 0; i < coll.length; i++) {
coll[i].addEventListener(""click"", function() {
this.classList.toggle(""active"");
var content = this.nextElementSibling;
if (content.style.maxHeight){
content.style.maxHeight = null;
} else {
content.style.maxHeight = content.scrollHeight + ""px"";
}
});
}

function toggleReadMore() {
const content = document.getElementById('myContent');
content.classList.toggle('expanded');
const button = document.querySelector('.read-more-button');
if (content.classList.contains('expanded')) {
button.textContent = 'Show Less';
} else {
button.textContent = '+ More';
}
}
</script>",M&E Interior,Uncategory,furniture,furniture,FALSE,,,,,,,150041,350,,,deny,manual,79.00,,FALSE,TRUE,5712800002317,https://presscloud.com/file/40/407554580579107/150041_Tail_wing_hook_oak_exposed.jpg,1,Tail Wing hook (Medium),FALSE,Tail Wing hook (Medium),Tail Wing hook (Medium),,,,,,,,g,,,,,,,,,draft
tail-wing-hook-medium,,,,,,,,,,,,,,,,,,,,,,,,,https://presscloud.com/file/85/857450022231668/150041_Tail_wing_hook_2_exposed.jpg,2,Tail Wing hook (Medium),,,,,,,,,,,,,,,,,,,,
tail-wing-hook-medium,,,,,,,,,,,,,,,,,,,,,,,,,https://presscloud.com/file/31/314928847079851/150041_Tail_wing_hook_3.jpg,3,Tail Wing hook (Medium),,,,,,,,,,,,,,,,,,,,
tail-wing-hook-medium,,,,,,,,,,,,,,,,,,,,,,,,,https://presscloud.com/file/99/997632259470772/WOUD_Tail_Wing_hook_2.jpg,4,Tail Wing hook (Medium),,,,,,,,,,,,,,,,,,,,
jeu-de-dés-1-candle-holder,Jeu de dés 1 candle holder,"<style>
  .content-wrapper {
    max-height: 100px;
    overflow: hidden;
    position: relative;
    transition: max-height 0.3s ease-out;
  }
  
  .content-wrapper.expanded {
    max-height: 500px;
  }

  .read-more-button {
    display: block;
    margin-top: 15px;
    cursor: pointer;
    color: #736357;
  }
  
  .collapsible {
    background-color: #FBF9F7;
    color: #736357;
    cursor: pointer;
    padding: 20px 0px;
    width: 100%;
    border: none;
    text-align: left;
    font-size: 15px;
  }

  .collapsible:after {
    content: '\002B';
    color: #736357;
    font-weight: bold;
    float: right;
    margin-left: 5px;
  }

  .active:after {
    content: ""\2212"";
  }
  
  .content {
    padding: 0px 10px;
    max-height: 0;
    overflow: hidden;
    transition: max-height 0.2s ease-out;
    background-color: #FBF9F7;
  }

</style>
<div id=""myContent"" class=""content-wrapper"">
  <!-- This is the Product Description -->
  <p>The Jeu de dés candle holders demonstrate true versatility by showcasing a surprising interplay of smooth geometric shapes. With their various opportunities for adding different candles or using them as an aesthetic sculpture, the elegant objects allow you to have a playful approach while styling them to personalise your own composition. Combine the different sizes, turn them as you like and let them create a homely feel in the room.</p>
</div>
<span class=""read-more-button"" onclick=""toggleReadMore()"">+ More</span>
<br><br>
<!-- These are the dropdown tabs of information -->
<button class=""collapsible"">Details</button>
<div class=""content"">
  <!-- These are where the variant details go -->
  <h5>Designs Available</h5>
  <p>The Jeu de dés candle holders demonstrate true versatility by showcasing a surprising interplay of smooth geometric shapes.</p>
  <br>
  <h5>Fabric Colour</h5>
  <p>Black</p>
  <br>
  <h5>Product Dimensions</h5>
  <p>Height: 5cm</p>
  <p>Width: 6cm</p>
  <p>Depth: 7cm</p>
  <p>Weight: 0.18kg</p>
  <br>
</div>
<br>
<!-- This is for the files (not all products have) if not, just removed-->
<button class=""collapsible"">Files</button>
<div class=""content"">
  <a href=""https://presscloud.com/file/91/915725680692736/WOUD_Care_and_Maintenance.pdf"">Care and Maintenance
  </a>
</div>
<script>
var coll = document.getElementsByClassName(""collapsible"");
var i;

for (i = 0; i < coll.length; i++) {
coll[i].addEventListener(""click"", function() {
this.classList.toggle(""active"");
var content = this.nextElementSibling;
if (content.style.maxHeight){
content.style.maxHeight = null;
} else {
content.style.maxHeight = content.scrollHeight + ""px"";
}
});
}

function toggleReadMore() {
const content = document.getElementById('myContent');
content.classList.toggle('expanded');
const button = document.querySelector('.read-more-button');
if (content.classList.contains('expanded')) {
button.textContent = 'Show Less';
} else {
button.textContent = '+ More';
}
}
</script>",M&E Interior,Uncategory,furniture,furniture,FALSE,,,,,,,150052,180,,,deny,manual,49.00,,FALSE,TRUE,5712800028690,https://presscloud.com/file/36/368493149506954/150052_WOUD_Jeu_de_des_No._1_Black_Exposed_1.jpg,1,Jeu de dés 1 candle holder,FALSE,Jeu de dés 1 candle holder,Jeu de dés 1 candle holder ,,,,,,,,g,,,,,,,,,draft
jeu-de-dés-1-candle-holder,,,,,,,,,,,,,,,,,,,,,,,,,https://presscloud.com/file/14/140596293653182/150052_WOUD_Jeu_de_des_No._1_Black_Exposed_2.jpg,2,Jeu de dés 1 candle holder,,,,,,,,,,,,,,,,,,,,
jeu-de-dés-1-candle-holder,,,,,,,,,,,,,,,,,,,,,,,,,https://presscloud.com/file/83/837137634330365/WOUD_SS23_Jeu_de_des_Black.jpg,3,Jeu de dés 1 candle holder,,,,,,,,,,,,,,,,,,,,
jeu-de-dés-1-candle-holder,,,,,,,,,,,,,,,,,,,,,,,,,https://presscloud.com/file/37/378388466426586/WOUD_SS24_Stedge_Serene_Jeu_De_D_Mountain.jpg,4,Jeu de dés 1 candle holder,,,,,,,,,,,,,,,,,,,,
jeu-de-dés-1-candle-holder,,,,,,,,,,,,,,,,,,,,,,,,,https://presscloud.com/file/86/864432379380139/WOUD_AW22_JEU_DE_DES_2.jpg,5,Jeu de dés 1 candle holder,,,,,,,,,,,,,,,,,,,,
jeu-de-dés-1-candle-holder,Jeu de dés 1 candle holder,"<style>
  .content-wrapper {
    max-height: 100px;
    overflow: hidden;
    position: relative;
    transition: max-height 0.3s ease-out;
  }
  
  .content-wrapper.expanded {
    max-height: 500px;
  }

  .read-more-button {
    display: block;
    margin-top: 15px;
    cursor: pointer;
    color: #736357;
  }
  
  .collapsible {
    background-color: #FBF9F7;
    color: #736357;
    cursor: pointer;
    padding: 20px 0px;
    width: 100%;
    border: none;
    text-align: left;
    font-size: 15px;
  }

  .collapsible:after {
    content: '\002B';
    color: #736357;
    font-weight: bold;
    float: right;
    margin-left: 5px;
  }

  .active:after {
    content: ""\2212"";
  }
  
  .content {
    padding: 0px 10px;
    max-height: 0;
    overflow: hidden;
    transition: max-height 0.2s ease-out;
    background-color: #FBF9F7;
  }

</style>
<div id=""myContent"" class=""content-wrapper"">
  <!-- This is the Product Description -->
  <p>The Jeu de dés candle holders demonstrate true versatility by showcasing a surprising interplay of smooth geometric shapes. With their various opportunities for adding different candles or using them as an aesthetic sculpture, the elegant objects allow you to have a playful approach while styling them to personalise your own composition. Combine the different sizes, turn them as you like and let them create a homely feel in the room.</p>
</div>
<span class=""read-more-button"" onclick=""toggleReadMore()"">+ More</span>
<br><br>
<!-- These are the dropdown tabs of information -->
<button class=""collapsible"">Details</button>
<div class=""content"">
  <!-- These are where the variant details go -->
  <h5>Designs Available</h5>
  <p>The Jeu de dés candle holders demonstrate true versatility by showcasing a surprising interplay of smooth geometric shapes.</p>
  <br>
  <h5>Fabric Colour</h5>
  <p>Brown</p>
  <br>
  <h5>Product Dimensions</h5>
  <p>Height: 5cm</p>
  <p>Width: 6cm</p>
  <p>Depth: 7cm</p>
  <p>Weight: 0.18kg</p>
  <br>
</div>
<br>
<!-- This is for the files (not all products have) if not, just removed-->
<button class=""collapsible"">Files</button>
<div class=""content"">
  <a href=""https://presscloud.com/file/91/915725680692736/WOUD_Care_and_Maintenance.pdf"">Care and Maintenance
  </a>
</div>
<script>
var coll = document.getElementsByClassName(""collapsible"");
var i;

for (i = 0; i < coll.length; i++) {
coll[i].addEventListener(""click"", function() {
this.classList.toggle(""active"");
var content = this.nextElementSibling;
if (content.style.maxHeight){
content.style.maxHeight = null;
} else {
content.style.maxHeight = content.scrollHeight + ""px"";
}
});
}

function toggleReadMore() {
const content = document.getElementById('myContent');
content.classList.toggle('expanded');
const button = document.querySelector('.read-more-button');
if (content.classList.contains('expanded')) {
button.textContent = 'Show Less';
} else {
button.textContent = '+ More';
}
}
</script>",M&E Interior,Uncategory,furniture,furniture,FALSE,,,,,,,150053,180,,,deny,manual,49.00,,FALSE,TRUE,5712800028706,https://presscloud.com/file/46/469372594334644/150053_WOUD_Jeu_de_des_No._1_Brown_Exposed_1.jpg,1,Jeu de dés 1 candle holder,FALSE,Jeu de dés 1 candle holder,Jeu de dés 1 candle holder ,,,,,,,,g,,,,,,,,,draft
jeu-de-dés-1-candle-holder,,,,,,,,,,,,,,,,,,,,,,,,,https://presscloud.com/file/58/587816290479887/150053_WOUD_Jeu_de_des_No._1_Brown_Exposed_2.jpg,2,Jeu de dés 1 candle holder,,,,,,,,,,,,,,,,,,,,
jeu-de-dés-1-candle-holder,,,,,,,,,,,,,,,,,,,,,,,,,https://presscloud.com/file/76/762720485281567/WOUD_AW22_JEU_DE_DES_1.jpg,3,Jeu de dés 1 candle holder,,,,,,,,,,,,,,,,,,,,
jeu-de-dés-1-candle-holder,,,,,,,,,,,,,,,,,,,,,,,,,https://presscloud.com/file/92/922433256467483/WOUD_SS23_Jeu_de_des_Brown.jpg,4,Jeu de dés 1 candle holder,,,,,,,,,,,,,,,,,,,,
jeu-de-dés-1-candle-holder,,,,,,,,,,,,,,,,,,,,,,,,,https://presscloud.com/file/61/617883012234976/WOUD_SS24_Stedge_Arkiv_Pidestall_Jeu_de_des.jpg,5,Jeu de dés 1 candle holder,,,,,,,,,,,,,,,,,,,,
jeu-de-dés-1-candle-holder,,,,,,,,,,,,,,,,,,,,,,,,,https://presscloud.com/file/84/845715035538243/WOUD_AW24_Array_Pidestall_Jeu_de_des_3.jpg,6,Jeu de dés 1 candle holder,,,,,,,,,,,,,,,,,,,,
